"","id0inc","id0cong","id0iso","id15inc","id15cong","id15iso","id30inc","id30cong","id30iso","id60inc","id60cong","id60iso","id90inc","id90cong","id90iso","ud0inc","ud0cong","udo0iso","ud15inc","ud15cong","ud15iso","ud30inc","ud30cong","ud30iso","ud60inc","ud60cong","ud60iso","ud90inc","ud90cong","ud90iso"
"E001MST","1.93024790203125","1.92131891328125","1.86578533484375","2.044417990625","2.168810321875","1.864007571875","2.2555033265625","2.441856715625","2.344646175","2.2722322625","2.594161196875","2.469164690625","2.134363978125","2.021014921875","2.30446513125","2.26888555125","2.07281751484375","1.87578950585937","1.859923884375","2.24569541875","1.809548503125","2.40993909375","2.68039995625","2.516617815625","2.344689284375","2.305182359375","2.17034993125","1.96638335625","1.89757795","1.822126228125"
